timestamp,unit_id,unit_type,empire_or_resistance,location_x,location_y,destination_x,destination_y,homeworld
2025-07-08 15:48:58,1,tie_silencer,resistance,4,8,4,2,Ojom
2025-07-08 15:48:57,2,resistance_soldier,empire,5,5,5,9,Aleen Minor
2025-07-08 15:48:56,3,x-wing,empire,4,4,7,2,Ojom
2025-07-08 15:48:55,4,unknown,resistance,5,6,8,1,Aleen Minor
2025-07-08 15:48:54,5,stormtrooper,empire,10,2,3,4,Tund
2025-07-08 15:48:53,6,tie_silencer,resistance,6,2,3,6,Socorro
2025-07-08 15:48:52,7,tie_silencer,resistance,5,8,6,9,Mon Cala
2025-07-08 15:48:51,8,resistance_soldier,empire,3,10,3,10,Bestine IV
2025-07-08 15:48:50,9,tie_silencer,empire,1,8,3,4,Iktotch
2025-07-08 15:48:49,10,at-at,resistance,1,10,4,2,Vulpter
2025-07-08 15:48:48,11,unknown,resistance,6,3,4,9,Kalee
2025-07-08 15:48:47,12,resistance_soldier,resistance,2,3,4,3,Kalee
2025-07-08 15:48:46,13,x-wing,resistance,3,5,5,8,Shili
2025-07-08 15:48:45,14,x-wing,resistance,3,8,4,4,Iktotch
2025-07-08 15:48:44,15,at-at,resistance,6,2,10,3,Chandrila
2025-07-08 15:48:43,16,at-at,empire,9,9,10,9,Chandrila
2025-07-08 15:48:42,17,stormtrooper,resistance,2,7,1,10,Ryloth
2025-07-08 15:48:41,18,at-st,resistance,9,8,4,10,Glee Anselm
2025-07-08 15:48:40,19,unknown,resistance,8,3,2,1,Ojom
2025-07-08 15:48:39,20,tie_silencer,empire,8,7,2,9,Dagobah
2025-07-08 15:48:38,21,tie_fighter,empire,8,5,8,5,Mirial
2025-07-08 15:48:37,22,x-wing,empire,10,3,7,6,Tund
2025-07-08 15:48:36,23,at-st,empire,7,3,4,6,Eriadu
2025-07-08 15:48:35,24,resistance_soldier,empire,9,10,7,8,Concord Dawn
2025-07-08 15:48:34,25,stormtrooper,empire,4,2,1,9,Iridonia
2025-07-08 15:48:33,26,resistance_soldier,resistance,5,7,10,8,Sullust
2025-07-08 15:48:32,27,x-wing,resistance,1,5,9,1,Concord Dawn
2025-07-08 15:48:31,28,unknown,empire,3,5,10,2,Bestine IV
2025-07-08 15:48:30,29,unknown,empire,6,8,4,6,Cerea
2025-07-08 15:48:29,30,at-st,empire,9,9,10,8,Malastare
2025-07-08 15:48:28,31,resistance_soldier,empire,5,6,6,10,Tund
2025-07-08 15:48:27,32,tie_fighter,empire,1,7,8,2,Tatooine
2025-07-08 15:48:26,33,tie_silencer,empire,8,1,1,2,Tholoth
2025-07-08 15:48:25,34,x-wing,resistance,9,7,3,6,Ryloth
2025-07-08 15:48:24,35,resistance_soldier,resistance,3,10,9,4,Tatooine
2025-07-08 15:48:23,36,stormtrooper,resistance,4,1,8,1,Sullust
2025-07-08 15:48:22,37,tie_silencer,resistance,3,6,6,1,Trandosha
2025-07-08 15:48:21,38,at-st,empire,2,3,4,3,Aleen Minor
2025-07-08 15:48:20,39,stormtrooper,resistance,9,6,2,3,Shili
2025-07-08 15:48:19,40,at-at,resistance,2,5,7,2,Kashyyyk
2025-07-08 15:48:18,41,resistance_soldier,resistance,9,2,5,3,Toydaria
2025-07-08 15:48:17,42,tie_silencer,resistance,3,6,6,8,Kashyyyk
2025-07-08 15:48:16,43,at-st,resistance,6,2,5,1,Champala
2025-07-08 15:48:15,44,tie_fighter,resistance,8,4,2,6,Iktotch
2025-07-08 15:48:14,45,at-at,empire,3,6,6,6,Haruun Kal
2025-07-08 15:48:13,46,stormtrooper,empire,4,7,10,8,Mirial
2025-07-08 15:48:12,47,at-at,empire,1,8,10,7,Aleen Minor
2025-07-08 15:48:11,48,at-at,empire,2,7,3,10,Aleen Minor
2025-07-08 15:48:10,49,resistance_soldier,empire,3,9,7,10,Vulpter
2025-07-08 15:48:09,50,tie_silencer,empire,1,9,10,2,Dathomir
2025-07-08 15:48:08,51,at-at,resistance,1,2,8,4,Vulpter
2025-07-08 15:48:07,52,x-wing,empire,6,2,6,4,Champala
2025-07-08 15:48:06,53,x-wing,empire,10,8,5,5,Eriadu
2025-07-08 15:48:05,54,unknown,empire,9,7,4,1,Iktotch
2025-07-08 15:48:04,55,at-at,empire,1,9,8,10,Concord Dawn
2025-07-08 15:48:03,56,unknown,resistance,4,5,6,8,Vulpter
2025-07-08 15:48:02,57,at-st,resistance,6,5,9,1,Socorro
2025-07-08 15:48:01,58,at-at,empire,6,1,4,4,Toydaria
2025-07-08 15:48:00,59,x-wing,empire,2,6,4,3,Bestine IV
2025-07-08 15:47:59,60,tie_fighter,resistance,6,3,5,10,Eriadu
2025-07-08 15:47:58,61,x-wing,empire,7,7,10,5,Kalee
2025-07-08 15:47:57,62,unknown,resistance,1,5,8,2,Vulpter
2025-07-08 15:47:56,63,tie_silencer,resistance,10,7,9,8,Eriadu
2025-07-08 15:47:55,64,x-wing,empire,4,6,3,8,Dorin
2025-07-08 15:47:54,65,at-st,resistance,9,3,7,8,Champala
2025-07-08 15:47:53,66,tie_silencer,resistance,6,2,4,7,Alderaan
2025-07-08 15:47:52,67,unknown,resistance,2,5,3,7,Naboo
2025-07-08 15:47:51,68,at-at,empire,5,3,2,10,Eriadu
2025-07-08 15:47:50,69,at-at,empire,3,2,7,4,Malastare
2025-07-08 15:47:49,70,resistance_soldier,resistance,6,9,8,10,Stewjon
2025-07-08 15:47:48,71,resistance_soldier,resistance,9,4,6,10,Mon Cala
2025-07-08 15:47:47,72,tie_silencer,empire,8,7,1,2,Tund
2025-07-08 15:47:46,73,tie_fighter,empire,2,2,6,8,Quermia
2025-07-08 15:47:45,74,at-at,resistance,6,8,3,4,Bestine IV
2025-07-08 15:47:44,75,stormtrooper,empire,7,2,10,4,Skako
2025-07-08 15:47:43,76,tie_fighter,resistance,7,7,5,1,Umbara
2025-07-08 15:47:42,77,x-wing,empire,4,1,7,1,Dagobah
2025-07-08 15:47:41,78,at-at,resistance,9,5,4,10,Alderaan
2025-07-08 15:47:40,79,at-st,empire,9,3,1,5,Dathomir
2025-07-08 15:47:39,80,resistance_soldier,empire,10,2,10,10,Vulpter
2025-07-08 15:47:38,81,at-at,resistance,3,9,7,4,Vulpter
2025-07-08 15:47:37,82,at-st,resistance,6,2,9,8,Kalee
2025-07-08 15:47:36,83,tie_fighter,resistance,10,4,6,5,Ryloth
2025-07-08 15:47:35,84,at-at,empire,1,7,2,10,Eriadu
2025-07-08 15:47:34,85,resistance_soldier,empire,9,10,7,7,Eriadu
2025-07-08 15:47:33,86,unknown,resistance,10,4,9,6,Socorro
2025-07-08 15:47:32,87,unknown,empire,7,6,8,4,Dorin
2025-07-08 15:47:31,88,resistance_soldier,empire,4,6,2,6,Kalee
2025-07-08 15:47:30,89,stormtrooper,resistance,6,2,6,9,Tatooine
2025-07-08 15:47:29,90,resistance_soldier,resistance,1,10,4,4,Zolan
2025-07-08 15:47:28,91,at-st,resistance,10,10,7,9,Bestine IV
2025-07-08 15:47:27,92,unknown,resistance,9,2,8,10,Mirial
2025-07-08 15:47:26,93,tie_silencer,resistance,6,9,6,5,Tatooine
2025-07-08 15:47:25,94,at-st,resistance,6,6,3,3,Naboo
2025-07-08 15:47:24,95,x-wing,empire,3,5,4,7,Champala
2025-07-08 15:47:23,96,tie_silencer,resistance,9,5,4,4,Dorin
2025-07-08 15:47:22,97,stormtrooper,empire,1,3,6,3,Haruun Kal
2025-07-08 15:47:21,98,x-wing,empire,6,7,1,9,Troiken
2025-07-08 15:47:20,99,stormtrooper,resistance,4,5,4,5,Glee Anselm
2025-07-08 15:47:19,100,x-wing,empire,2,5,1,7,Glee Anselm
2025-07-08 15:47:18,101,stormtrooper,empire,2,7,7,1,Toydaria
2025-07-08 15:47:17,102,x-wing,empire,5,2,8,9,Tund
2025-07-08 15:47:16,103,tie_silencer,empire,9,5,10,3,Mirial
2025-07-08 15:47:15,104,x-wing,resistance,3,8,10,4,Quermia
2025-07-08 15:47:14,105,stormtrooper,empire,7,6,6,7,Vulpter
2025-07-08 15:47:13,106,x-wing,empire,5,9,1,3,Socorro
2025-07-08 15:47:12,107,at-at,resistance,2,2,5,7,Dathomir
2025-07-08 15:47:11,108,unknown,resistance,7,2,6,3,Kashyyyk
2025-07-08 15:47:10,109,tie_silencer,empire,7,9,1,5,Eriadu
2025-07-08 15:47:09,110,x-wing,resistance,4,9,10,1,Sullust
2025-07-08 15:47:08,111,stormtrooper,resistance,6,10,4,2,Shili
2025-07-08 15:47:07,112,stormtrooper,empire,6,10,3,8,Ojom
2025-07-08 15:47:06,113,tie_fighter,empire,8,3,5,5,Kashyyyk
2025-07-08 15:47:05,114,stormtrooper,empire,5,7,1,5,Cerea
2025-07-08 15:47:04,115,resistance_soldier,resistance,2,3,7,10,Umbara
2025-07-08 15:47:03,116,tie_silencer,resistance,5,7,9,2,Chandrila
2025-07-08 15:47:02,117,tie_fighter,empire,6,3,5,2,Tund
2025-07-08 15:47:01,118,unknown,resistance,10,4,7,5,Vulpter
2025-07-08 15:47:00,119,tie_fighter,resistance,7,3,8,6,Sullust
2025-07-08 15:46:59,120,unknown,empire,3,10,3,6,Tund
2025-07-08 15:46:58,121,at-at,empire,3,6,2,7,Aleen Minor
2025-07-08 15:46:57,122,resistance_soldier,empire,5,7,8,10,Tund
2025-07-08 15:46:56,123,stormtrooper,resistance,5,1,2,1,Malastare
2025-07-08 15:46:55,124,x-wing,resistance,9,10,3,5,Dagobah
2025-07-08 15:46:54,125,at-st,empire,5,1,5,2,Concord Dawn
2025-07-08 15:46:53,126,resistance_soldier,resistance,8,3,2,5,Champala
2025-07-08 15:46:52,127,tie_silencer,resistance,7,1,8,2,Sullust
2025-07-08 15:46:51,128,tie_fighter,resistance,8,6,10,5,Eriadu
2025-07-08 15:46:50,129,x-wing,empire,1,5,3,8,Ojom
2025-07-08 15:46:49,130,unknown,empire,7,2,8,4,Dagobah
2025-07-08 15:46:48,131,unknown,resistance,6,5,6,9,Shili
2025-07-08 15:46:47,132,at-at,empire,10,5,1,3,Socorro
2025-07-08 15:46:46,133,tie_fighter,resistance,2,7,6,6,Vulpter
2025-07-08 15:46:45,134,resistance_soldier,resistance,7,2,8,3,Dathomir
2025-07-08 15:46:44,135,tie_fighter,resistance,9,7,5,3,Aleen Minor
2025-07-08 15:46:43,136,stormtrooper,empire,8,10,7,8,Dagobah
2025-07-08 15:46:42,137,tie_fighter,resistance,4,3,6,5,Shili
2025-07-08 15:46:41,138,unknown,resistance,5,9,8,3,Kashyyyk
2025-07-08 15:46:40,139,at-st,resistance,1,2,8,5,Chandrila
2025-07-08 15:46:39,140,unknown,resistance,9,7,10,6,Corellia
2025-07-08 15:46:38,141,tie_fighter,resistance,4,7,8,2,Iridonia
2025-07-08 15:46:37,142,tie_silencer,resistance,9,8,8,8,Iktotch
2025-07-08 15:46:36,143,x-wing,resistance,3,6,10,7,Eriadu
2025-07-08 15:46:35,144,resistance_soldier,empire,6,3,1,1,Muunilinst
2025-07-08 15:46:34,145,stormtrooper,resistance,2,10,7,1,Rodia
2025-07-08 15:46:33,146,at-at,resistance,8,7,6,2,Glee Anselm
2025-07-08 15:46:32,147,at-at,empire,10,3,8,2,Kalee
2025-07-08 15:46:31,148,at-st,resistance,2,6,2,6,Troiken
2025-07-08 15:46:30,149,at-at,resistance,1,5,5,5,Sullust
2025-07-08 15:46:29,150,at-st,resistance,3,8,1,1,Mon Cala
2025-07-08 15:46:28,151,resistance_soldier,empire,1,3,8,6,Stewjon
2025-07-08 15:46:27,152,at-st,empire,2,1,7,8,Glee Anselm
2025-07-08 15:46:26,153,at-st,resistance,7,3,10,8,Quermia
2025-07-08 15:46:25,154,resistance_soldier,empire,1,3,10,4,Dagobah
2025-07-08 15:46:24,155,tie_fighter,resistance,2,6,9,1,Mon Cala
2025-07-08 15:46:23,156,at-at,empire,10,3,4,5,Vulpter
2025-07-08 15:46:22,157,x-wing,resistance,6,4,3,8,Tatooine
2025-07-08 15:46:21,158,stormtrooper,empire,6,3,10,5,Kalee
2025-07-08 15:46:20,159,x-wing,resistance,7,9,1,2,Troiken
2025-07-08 15:46:19,160,resistance_soldier,resistance,7,2,3,3,Trandosha
2025-07-08 15:46:18,161,x-wing,empire,3,7,4,7,Mirial
2025-07-08 15:46:17,162,x-wing,empire,5,6,10,7,Dorin
2025-07-08 15:46:16,163,x-wing,resistance,1,6,9,7,Shili
2025-07-08 15:46:15,164,resistance_soldier,empire,5,8,10,3,Tatooine
2025-07-08 15:46:14,165,unknown,empire,9,4,1,7,Tund
2025-07-08 15:46:13,166,unknown,resistance,9,5,8,10,Iridonia
2025-07-08 15:46:12,167,at-st,empire,1,3,6,8,Muunilinst
2025-07-08 15:46:11,168,at-st,empire,9,6,6,4,Umbara
2025-07-08 15:46:10,169,at-at,resistance,6,9,1,2,Sullust
2025-07-08 15:46:09,170,x-wing,resistance,9,9,9,2,Glee Anselm
2025-07-08 15:46:08,171,resistance_soldier,resistance,4,4,3,2,Kashyyyk
2025-07-08 15:46:07,172,tie_silencer,resistance,2,5,2,2,Kashyyyk
2025-07-08 15:46:06,173,resistance_soldier,empire,5,2,5,5,Mon Cala
2025-07-08 15:46:05,174,at-st,empire,1,7,10,9,Concord Dawn
2025-07-08 15:46:04,175,at-at,resistance,5,9,9,4,Glee Anselm
2025-07-08 15:46:03,176,at-at,resistance,6,10,4,8,Concord Dawn
2025-07-08 15:46:02,177,x-wing,resistance,7,8,6,9,Haruun Kal
2025-07-08 15:46:01,178,resistance_soldier,resistance,10,6,10,8,Stewjon
2025-07-08 15:46:00,179,resistance_soldier,resistance,7,7,2,3,Socorro
2025-07-08 15:45:59,180,tie_silencer,empire,4,1,8,9,Dagobah
2025-07-08 15:45:58,181,at-at,resistance,3,1,4,1,Zolan
2025-07-08 15:45:57,182,tie_silencer,resistance,6,10,4,1,Aleen Minor
2025-07-08 15:45:56,183,tie_fighter,empire,1,3,2,2,Ojom
2025-07-08 15:45:55,184,resistance_soldier,empire,7,2,9,6,Corellia
2025-07-08 15:45:54,185,tie_silencer,resistance,9,9,2,4,Umbara
2025-07-08 15:45:53,186,at-at,resistance,7,7,1,3,Tholoth
2025-07-08 15:45:52,187,at-st,resistance,5,2,6,8,Dorin
2025-07-08 15:45:51,188,tie_fighter,resistance,5,6,4,1,Quermia
2025-07-08 15:45:50,189,at-at,empire,4,1,9,1,Tund
2025-07-08 15:45:49,190,x-wing,resistance,1,4,5,3,Zolan
2025-07-08 15:45:48,191,x-wing,empire,4,7,6,9,Corellia
2025-07-08 15:45:47,192,stormtrooper,resistance,8,2,2,7,Kalee
2025-07-08 15:45:46,193,stormtrooper,resistance,10,10,5,6,Vulpter
2025-07-08 15:45:45,194,tie_fighter,resistance,5,7,2,1,Ryloth
2025-07-08 15:45:44,195,tie_fighter,resistance,7,7,10,5,Mirial
2025-07-08 15:45:43,196,at-at,resistance,3,8,7,1,Trandosha
2025-07-08 15:45:42,197,x-wing,empire,2,2,8,7,Dathomir
2025-07-08 15:45:41,198,at-st,empire,8,7,3,9,Glee Anselm
2025-07-08 15:45:40,199,tie_silencer,resistance,6,4,4,2,Ryloth
2025-07-08 15:45:39,200,stormtrooper,resistance,7,9,7,9,Dathomir
2025-07-08 15:45:38,201,x-wing,resistance,5,10,9,7,Trandosha
2025-07-08 15:45:37,202,stormtrooper,empire,9,4,5,8,Kalee
2025-07-08 15:45:36,203,resistance_soldier,empire,10,7,1,8,Iktotch
2025-07-08 15:45:35,204,resistance_soldier,empire,4,1,1,7,Umbara
2025-07-08 15:45:34,205,tie_fighter,empire,2,5,6,5,Bestine IV
2025-07-08 15:45:33,206,stormtrooper,empire,9,7,7,8,Kashyyyk
2025-07-08 15:45:32,207,at-at,empire,5,2,6,1,Umbara
2025-07-08 15:45:31,208,tie_silencer,resistance,3,7,2,2,Socorro
2025-07-08 15:45:30,209,resistance_soldier,resistance,10,2,5,9,Troiken
2025-07-08 15:45:29,210,at-at,empire,2,10,5,3,Malastare
2025-07-08 15:45:28,211,tie_silencer,empire,1,7,2,10,Cerea
2025-07-08 15:45:27,212,resistance_soldier,resistance,3,9,3,3,Tatooine
2025-07-08 15:45:26,213,resistance_soldier,resistance,4,7,2,10,Champala
2025-07-08 15:45:25,214,unknown,empire,7,9,10,6,Kashyyyk
2025-07-08 15:45:24,215,unknown,empire,10,5,7,2,Dagobah
2025-07-08 15:45:23,216,unknown,empire,7,10,7,10,Iktotch
2025-07-08 15:45:22,217,at-at,empire,2,10,2,4,Dathomir
2025-07-08 15:45:21,218,at-at,empire,10,2,7,4,Corellia
2025-07-08 15:45:20,219,x-wing,empire,1,8,5,1,Umbara
2025-07-08 15:45:19,220,tie_silencer,empire,9,8,2,6,Skako
2025-07-08 15:45:18,221,stormtrooper,empire,7,6,9,9,Dagobah
2025-07-08 15:45:17,222,resistance_soldier,empire,10,10,5,9,Muunilinst
2025-07-08 15:45:16,223,at-at,empire,5,2,3,10,Zolan
2025-07-08 15:45:15,224,at-at,resistance,3,7,2,4,Alderaan
2025-07-08 15:45:14,225,unknown,resistance,3,6,5,4,Dathomir
2025-07-08 15:45:13,226,tie_fighter,empire,9,7,9,4,Tund
2025-07-08 15:45:12,227,x-wing,resistance,10,4,10,7,Vulpter
2025-07-08 15:45:11,228,stormtrooper,empire,2,5,8,2,Rodia
2025-07-08 15:45:10,229,x-wing,resistance,6,1,5,9,Socorro
2025-07-08 15:45:09,230,resistance_soldier,empire,10,1,3,6,Skako
2025-07-08 15:45:08,231,tie_silencer,empire,5,6,5,1,Cerea
2025-07-08 15:45:07,232,resistance_soldier,empire,9,2,8,5,Dorin
2025-07-08 15:45:06,233,tie_silencer,empire,6,8,7,8,Mirial
2025-07-08 15:45:05,234,unknown,resistance,2,4,3,9,Socorro
2025-07-08 15:45:04,235,stormtrooper,empire,3,5,8,1,Serenno
2025-07-08 15:45:03,236,at-at,empire,9,3,4,1,Mirial
2025-07-08 15:45:02,237,tie_fighter,resistance,2,6,8,2,Naboo
2025-07-08 15:45:01,238,at-at,empire,10,4,7,2,Skako
2025-07-08 15:45:00,239,at-at,resistance,1,4,1,4,Vulpter
2025-07-08 15:44:59,240,x-wing,resistance,8,8,8,9,Ryloth
2025-07-08 15:44:58,241,resistance_soldier,empire,9,7,6,1,Serenno
2025-07-08 15:44:57,242,unknown,resistance,6,7,8,10,Vulpter
2025-07-08 15:44:56,243,unknown,empire,2,7,5,5,Muunilinst
2025-07-08 15:44:55,244,tie_fighter,resistance,4,6,9,6,Umbara
2025-07-08 15:44:54,245,at-at,empire,2,5,2,1,Concord Dawn
2025-07-08 15:44:53,246,at-at,empire,7,10,10,6,Mirial
2025-07-08 15:44:52,247,resistance_soldier,resistance,7,4,10,8,Vulpter
2025-07-08 15:44:51,248,x-wing,resistance,7,6,4,6,Dathomir
2025-07-08 15:44:50,249,at-st,resistance,8,3,9,2,Umbara
2025-07-08 15:44:49,250,stormtrooper,empire,3,4,2,6,Cerea
2025-07-08 15:44:48,251,stormtrooper,empire,7,4,8,1,Kalee
2025-07-08 15:44:47,252,unknown,resistance,5,3,5,4,Quermia
2025-07-08 15:44:46,253,stormtrooper,resistance,1,1,5,9,Tatooine
2025-07-08 15:44:45,254,tie_silencer,empire,10,6,8,1,Vulpter
2025-07-08 15:44:44,255,x-wing,empire,2,7,4,1,Chandrila
2025-07-08 15:44:43,256,at-at,resistance,6,2,4,10,Mon Cala
2025-07-08 15:44:42,257,at-at,resistance,9,3,1,6,Troiken
2025-07-08 15:44:41,258,unknown,empire,7,6,9,9,Champala
2025-07-08 15:44:40,259,resistance_soldier,empire,1,9,10,10,Champala
2025-07-08 15:44:39,260,stormtrooper,empire,4,1,9,2,Tund
2025-07-08 15:44:38,261,at-st,empire,5,2,10,6,Bestine IV
2025-07-08 15:44:37,262,at-st,resistance,1,6,3,5,Naboo
2025-07-08 15:44:36,263,stormtrooper,resistance,1,3,4,3,Quermia
2025-07-08 15:44:35,264,resistance_soldier,resistance,4,9,1,4,Iridonia
2025-07-08 15:44:34,265,tie_silencer,empire,10,8,7,10,Zolan
2025-07-08 15:44:33,266,x-wing,empire,8,7,5,8,Trandosha
2025-07-08 15:44:32,267,tie_silencer,resistance,7,2,1,3,Troiken
2025-07-08 15:44:31,268,unknown,empire,7,6,1,4,Malastare
2025-07-08 15:44:30,269,stormtrooper,empire,3,9,8,4,Rodia
2025-07-08 15:44:29,270,at-st,resistance,8,6,3,2,Kashyyyk
2025-07-08 15:44:28,271,at-at,resistance,7,4,7,5,Rodia
2025-07-08 15:44:27,272,tie_fighter,resistance,1,3,9,1,Bestine IV
2025-07-08 15:44:26,273,unknown,empire,8,6,1,5,Troiken
2025-07-08 15:44:25,274,tie_silencer,resistance,3,3,8,8,Shili
2025-07-08 15:44:24,275,stormtrooper,resistance,10,6,6,5,Alderaan
2025-07-08 15:44:23,276,tie_silencer,resistance,9,2,4,3,Rodia
2025-07-08 15:44:22,277,stormtrooper,resistance,3,2,1,10,Chandrila
2025-07-08 15:44:21,278,x-wing,resistance,7,6,8,9,Kashyyyk
2025-07-08 15:44:20,279,unknown,empire,10,5,2,10,Zolan
2025-07-08 15:44:19,280,at-at,resistance,5,1,2,2,Sullust
2025-07-08 15:44:18,281,tie_silencer,empire,3,10,8,3,Aleen Minor
2025-07-08 15:44:17,282,resistance_soldier,resistance,4,5,5,9,Cerea
2025-07-08 15:44:16,283,stormtrooper,resistance,5,8,1,8,Naboo
2025-07-08 15:44:15,284,resistance_soldier,resistance,4,7,1,2,Kashyyyk
2025-07-08 15:44:14,285,tie_silencer,resistance,10,6,10,2,Bestine IV
2025-07-08 15:44:13,286,at-st,empire,10,10,7,5,Zolan
2025-07-08 15:44:12,287,at-st,resistance,1,10,3,8,Tholoth
2025-07-08 15:44:11,288,resistance_soldier,empire,1,1,5,6,Skako
2025-07-08 15:44:10,289,unknown,empire,7,7,5,8,Muunilinst
2025-07-08 15:44:09,290,x-wing,empire,6,7,4,2,Quermia
2025-07-08 15:44:08,291,x-wing,resistance,5,7,5,6,Umbara
2025-07-08 15:44:07,292,tie_silencer,resistance,10,1,3,10,Aleen Minor
2025-07-08 15:44:06,293,resistance_soldier,resistance,1,7,4,9,Ryloth
2025-07-08 15:44:05,294,resistance_soldier,empire,1,2,5,4,Trandosha
2025-07-08 15:44:04,295,stormtrooper,empire,2,1,1,3,Glee Anselm
2025-07-08 15:44:03,296,at-at,resistance,1,4,3,2,Troiken
2025-07-08 15:44:02,297,tie_silencer,resistance,5,6,4,7,Rodia
2025-07-08 15:44:01,298,at-st,resistance,10,1,3,7,Tholoth
2025-07-08 15:44:00,299,at-at,empire,8,7,8,7,Ojom
2025-07-08 15:43:59,300,at-at,resistance,10,8,5,5,Umbara
2025-07-08 15:43:58,301,stormtrooper,empire,1,9,9,7,Eriadu
2025-07-08 15:43:57,302,resistance_soldier,resistance,2,6,1,4,Naboo
2025-07-08 15:43:56,303,at-st,empire,5,2,10,8,Ojom
2025-07-08 15:43:55,304,unknown,resistance,10,6,8,1,Tatooine
2025-07-08 15:43:54,305,stormtrooper,empire,9,8,4,7,Rodia
2025-07-08 15:43:53,306,x-wing,empire,8,3,1,8,Glee Anselm
2025-07-08 15:43:52,307,stormtrooper,empire,3,6,7,10,Tatooine
2025-07-08 15:43:51,308,unknown,empire,9,5,2,5,Toydaria
2025-07-08 15:43:50,309,stormtrooper,resistance,5,10,1,4,Alderaan
2025-07-08 15:43:49,310,at-at,resistance,9,9,2,5,Kalee
2025-07-08 15:43:48,311,x-wing,resistance,10,4,8,10,Bestine IV
2025-07-08 15:43:47,312,resistance_soldier,empire,7,8,5,6,Mirial
2025-07-08 15:43:46,313,tie_fighter,empire,6,5,7,9,Chandrila
2025-07-08 15:43:45,314,resistance_soldier,resistance,1,2,4,1,Socorro
2025-07-08 15:43:44,315,resistance_soldier,empire,5,2,4,3,Champala
2025-07-08 15:43:43,316,at-at,resistance,9,3,7,1,Dathomir
2025-07-08 15:43:42,317,tie_silencer,resistance,4,3,6,10,Quermia
2025-07-08 15:43:41,318,at-st,empire,8,9,3,8,Skako
2025-07-08 15:43:40,319,x-wing,empire,8,3,4,7,Corellia
2025-07-08 15:43:39,320,at-st,resistance,5,7,2,9,Zolan
2025-07-08 15:43:38,321,tie_silencer,empire,1,6,4,8,Dorin
2025-07-08 15:43:37,322,resistance_soldier,resistance,7,9,8,5,Concord Dawn
2025-07-08 15:43:36,323,at-st,resistance,1,1,10,7,Cerea
2025-07-08 15:43:35,324,at-at,resistance,4,5,1,3,Iktotch
2025-07-08 15:43:34,325,resistance_soldier,resistance,8,9,9,4,Glee Anselm
2025-07-08 15:43:33,326,tie_fighter,empire,2,4,8,8,Muunilinst
2025-07-08 15:43:32,327,unknown,resistance,4,1,6,7,Cerea
2025-07-08 15:43:31,328,tie_fighter,resistance,8,1,8,7,Umbara
2025-07-08 15:43:30,329,unknown,resistance,9,2,7,7,Iridonia
2025-07-08 15:43:29,330,unknown,empire,4,4,7,1,Vulpter
2025-07-08 15:43:28,331,at-at,resistance,1,5,3,3,Chandrila
2025-07-08 15:43:27,332,stormtrooper,resistance,10,10,1,1,Kashyyyk
2025-07-08 15:43:26,333,at-at,resistance,7,9,3,6,Mon Cala
2025-07-08 15:43:25,334,stormtrooper,resistance,6,2,8,9,Vulpter
2025-07-08 15:43:24,335,tie_fighter,empire,5,7,4,9,Naboo
2025-07-08 15:43:23,336,tie_silencer,resistance,7,10,1,1,Alderaan
2025-07-08 15:43:22,337,resistance_soldier,resistance,8,6,3,9,Mirial
2025-07-08 15:43:21,338,resistance_soldier,resistance,7,3,5,7,Zolan
2025-07-08 15:43:20,339,tie_fighter,resistance,9,4,9,5,Trandosha
2025-07-08 15:43:19,340,tie_silencer,resistance,6,3,7,9,Haruun Kal
2025-07-08 15:43:18,341,at-at,resistance,9,3,7,6,Zolan
2025-07-08 15:43:17,342,at-at,resistance,10,1,8,6,Quermia
2025-07-08 15:43:16,343,tie_fighter,empire,2,2,10,8,Socorro
2025-07-08 15:43:15,344,stormtrooper,resistance,5,6,1,6,Socorro
2025-07-08 15:43:14,345,unknown,resistance,4,4,9,4,Mon Cala
2025-07-08 15:43:13,346,resistance_soldier,resistance,6,7,2,7,Bestine IV
2025-07-08 15:43:12,347,unknown,resistance,4,5,1,8,Dathomir
2025-07-08 15:43:11,348,resistance_soldier,resistance,4,3,9,9,Vulpter
2025-07-08 15:43:10,349,tie_silencer,empire,4,3,8,10,Glee Anselm
2025-07-08 15:43:09,350,unknown,resistance,3,2,9,4,Ojom
2025-07-08 15:43:08,351,at-st,empire,1,9,8,2,Concord Dawn
2025-07-08 15:43:07,352,tie_fighter,empire,6,10,9,8,Toydaria
2025-07-08 15:43:06,353,at-at,resistance,5,3,10,2,Haruun Kal
2025-07-08 15:43:05,354,at-st,resistance,2,1,4,10,Champala
2025-07-08 15:43:04,355,at-st,empire,9,2,4,6,Malastare
2025-07-08 15:43:03,356,tie_fighter,resistance,1,8,5,9,Kashyyyk
2025-07-08 15:43:02,357,tie_fighter,resistance,2,6,6,2,Iktotch
2025-07-08 15:43:01,358,stormtrooper,resistance,2,9,7,8,Sullust
2025-07-08 15:43:00,359,x-wing,empire,2,2,3,7,Bestine IV
2025-07-08 15:42:59,360,stormtrooper,resistance,9,5,9,2,Troiken
2025-07-08 15:42:58,361,at-st,empire,3,1,9,3,Bestine IV
2025-07-08 15:42:57,362,tie_silencer,empire,7,1,3,4,Concord Dawn
2025-07-08 15:42:56,363,at-st,empire,6,5,2,8,Serenno
2025-07-08 15:42:55,364,tie_fighter,empire,2,10,6,10,Umbara
2025-07-08 15:42:54,365,x-wing,empire,10,3,10,2,Muunilinst
2025-07-08 15:42:53,366,unknown,empire,1,7,5,10,Skako
2025-07-08 15:42:52,367,x-wing,empire,5,2,3,3,Glee Anselm
2025-07-08 15:42:51,368,unknown,resistance,7,3,8,7,Quermia
2025-07-08 15:42:50,369,x-wing,empire,7,1,8,3,Tholoth
2025-07-08 15:42:49,370,tie_fighter,empire,3,6,3,3,Naboo
2025-07-08 15:42:48,371,resistance_soldier,resistance,10,3,10,2,Dathomir
2025-07-08 15:42:47,372,stormtrooper,empire,1,5,8,5,Tatooine
2025-07-08 15:42:46,373,tie_silencer,resistance,5,4,10,4,Glee Anselm
2025-07-08 15:42:45,374,unknown,empire,5,1,1,10,Corellia
2025-07-08 15:42:44,375,at-st,resistance,10,3,10,7,Mirial
2025-07-08 15:42:43,376,at-st,empire,3,8,8,10,Concord Dawn
2025-07-08 15:42:42,377,tie_fighter,resistance,9,2,1,2,Dorin
2025-07-08 15:42:41,378,at-at,empire,2,4,7,3,Aleen Minor
2025-07-08 15:42:40,379,unknown,resistance,2,9,3,6,Mon Cala
2025-07-08 15:42:39,380,at-st,empire,7,3,1,2,Eriadu
2025-07-08 15:42:38,381,at-st,resistance,3,7,7,5,Toydaria
2025-07-08 15:42:37,382,x-wing,resistance,5,3,6,8,Tatooine
2025-07-08 15:42:36,383,unknown,resistance,7,1,2,10,Kalee
2025-07-08 15:42:35,384,tie_silencer,empire,7,3,10,5,Tholoth
2025-07-08 15:42:34,385,unknown,empire,5,9,9,2,Socorro
2025-07-08 15:42:33,386,tie_silencer,empire,10,1,5,10,Aleen Minor
2025-07-08 15:42:32,387,x-wing,empire,5,4,8,4,Shili
2025-07-08 15:42:31,388,tie_silencer,empire,2,4,5,1,Cerea
2025-07-08 15:42:30,389,tie_fighter,resistance,1,6,4,1,Sullust
2025-07-08 15:42:29,390,tie_silencer,resistance,7,2,6,10,Dathomir
2025-07-08 15:42:28,391,unknown,resistance,8,5,6,2,Champala
2025-07-08 15:42:27,392,stormtrooper,empire,6,8,10,9,Serenno
2025-07-08 15:42:26,393,at-st,empire,2,7,3,9,Stewjon
2025-07-08 15:42:25,394,x-wing,resistance,5,1,7,7,Haruun Kal
2025-07-08 15:42:24,395,stormtrooper,empire,2,5,9,3,Umbara
2025-07-08 15:42:23,396,tie_fighter,empire,2,1,6,9,Stewjon
2025-07-08 15:42:22,397,stormtrooper,resistance,7,2,1,4,Bestine IV
2025-07-08 15:42:21,398,at-at,resistance,10,5,1,8,Dathomir
2025-07-08 15:42:20,399,x-wing,empire,8,9,6,1,Muunilinst
2025-07-08 15:42:19,400,unknown,empire,2,2,6,1,Trandosha
2025-07-08 15:42:18,401,at-at,resistance,10,9,8,10,Malastare
2025-07-08 15:42:17,402,unknown,empire,7,4,2,4,Kalee
2025-07-08 15:42:16,403,tie_fighter,resistance,8,8,7,9,Mon Cala
2025-07-08 15:42:15,404,at-st,empire,1,1,8,4,Kalee
2025-07-08 15:42:14,405,tie_silencer,resistance,3,3,1,6,Bestine IV
2025-07-08 15:42:13,406,tie_silencer,empire,3,6,5,5,Naboo
2025-07-08 15:42:12,407,at-at,resistance,2,3,8,4,Dathomir
2025-07-08 15:42:11,408,resistance_soldier,resistance,8,10,10,8,Eriadu
2025-07-08 15:42:10,409,at-st,empire,5,2,1,3,Skako
2025-07-08 15:42:09,410,tie_silencer,resistance,5,10,7,8,Ojom
2025-07-08 15:42:08,411,resistance_soldier,resistance,3,10,9,4,Bestine IV
2025-07-08 15:42:07,412,resistance_soldier,resistance,3,4,9,3,Alderaan
2025-07-08 15:42:06,413,at-at,empire,9,3,9,1,Glee Anselm
2025-07-08 15:42:05,414,at-st,empire,5,1,5,10,Iktotch
2025-07-08 15:42:04,415,resistance_soldier,empire,4,7,4,1,Cerea
2025-07-08 15:42:03,416,x-wing,resistance,2,6,7,6,Umbara
2025-07-08 15:42:02,417,at-st,empire,1,9,10,1,Skako
2025-07-08 15:42:01,418,stormtrooper,empire,7,10,8,7,Stewjon
2025-07-08 15:42:00,419,at-st,resistance,3,6,4,2,Dathomir
2025-07-08 15:41:59,420,tie_fighter,empire,4,1,3,2,Tatooine
2025-07-08 15:41:58,421,tie_silencer,empire,2,3,4,5,Tund
2025-07-08 15:41:57,422,resistance_soldier,resistance,9,3,5,8,Alderaan
2025-07-08 15:41:56,423,at-st,empire,6,1,6,3,Stewjon
2025-07-08 15:41:55,424,stormtrooper,empire,3,4,6,2,Tholoth
2025-07-08 15:41:54,425,at-at,empire,8,7,3,2,Muunilinst
2025-07-08 15:41:53,426,stormtrooper,empire,4,8,5,6,Iktotch
2025-07-08 15:41:52,427,at-at,empire,4,1,7,6,Dorin
2025-07-08 15:41:51,428,tie_silencer,empire,5,1,10,3,Kalee
2025-07-08 15:41:50,429,stormtrooper,resistance,3,2,5,10,Toydaria
2025-07-08 15:41:49,430,at-st,resistance,9,6,10,7,Umbara
2025-07-08 15:41:48,431,tie_silencer,resistance,1,2,2,9,Iktotch
2025-07-08 15:41:47,432,x-wing,empire,5,3,4,7,Kalee
2025-07-08 15:41:46,433,x-wing,resistance,1,2,8,6,Chandrila
2025-07-08 15:41:45,434,tie_silencer,resistance,4,3,3,5,Bestine IV
2025-07-08 15:41:44,435,resistance_soldier,resistance,5,8,7,4,Quermia
2025-07-08 15:41:43,436,resistance_soldier,resistance,6,3,10,5,Kashyyyk
2025-07-08 15:41:42,437,x-wing,empire,4,4,8,6,Serenno
2025-07-08 15:41:41,438,unknown,resistance,1,7,9,7,Sullust
2025-07-08 15:41:40,439,stormtrooper,resistance,7,2,2,9,Troiken
2025-07-08 15:41:39,440,at-st,resistance,8,10,9,10,Alderaan
2025-07-08 15:41:38,441,at-at,empire,4,3,5,3,Rodia
2025-07-08 15:41:37,442,stormtrooper,empire,6,9,5,5,Toydaria
2025-07-08 15:41:36,443,x-wing,empire,2,5,7,9,Serenno
2025-07-08 15:41:35,444,x-wing,resistance,2,2,4,1,Haruun Kal
2025-07-08 15:41:34,445,unknown,empire,7,5,10,4,Cerea
2025-07-08 15:41:33,446,stormtrooper,empire,2,4,2,6,Rodia
2025-07-08 15:41:32,447,at-st,empire,2,3,1,5,Bestine IV
2025-07-08 15:41:31,448,resistance_soldier,resistance,7,2,2,1,Sullust
2025-07-08 15:41:30,449,at-at,empire,5,3,2,5,Kashyyyk
2025-07-08 15:41:29,450,stormtrooper,resistance,5,8,5,1,Champala
2025-07-08 15:41:28,451,x-wing,empire,9,5,9,3,Dagobah
2025-07-08 15:41:27,452,tie_fighter,empire,8,10,7,6,Skako
2025-07-08 15:41:26,453,at-st,resistance,2,2,3,8,Haruun Kal
2025-07-08 15:41:25,454,at-at,resistance,3,6,6,9,Iridonia
2025-07-08 15:41:24,455,unknown,empire,8,2,7,9,Cerea
2025-07-08 15:41:23,456,x-wing,resistance,2,3,8,8,Iktotch
2025-07-08 15:41:22,457,resistance_soldier,empire,1,5,5,6,Vulpter
2025-07-08 15:41:21,458,x-wing,resistance,9,4,1,5,Ryloth
2025-07-08 15:41:20,459,tie_silencer,empire,7,7,6,8,Vulpter
2025-07-08 15:41:19,460,tie_fighter,resistance,1,7,8,10,Sullust
2025-07-08 15:41:18,461,stormtrooper,resistance,10,6,3,1,Trandosha
2025-07-08 15:41:17,462,tie_fighter,empire,4,8,4,5,Trandosha
2025-07-08 15:41:16,463,tie_fighter,resistance,2,4,7,8,Ojom
2025-07-08 15:41:15,464,unknown,empire,5,1,2,7,Naboo
2025-07-08 15:41:14,465,at-at,empire,3,1,8,5,Champala
2025-07-08 15:41:13,466,unknown,resistance,7,9,1,10,Dathomir
2025-07-08 15:41:12,467,stormtrooper,empire,6,2,2,5,Zolan
2025-07-08 15:41:11,468,unknown,resistance,2,4,6,6,Ojom
2025-07-08 15:41:10,469,tie_silencer,empire,5,6,10,1,Serenno
2025-07-08 15:41:09,470,at-st,resistance,1,10,4,8,Glee Anselm
2025-07-08 15:41:08,471,stormtrooper,resistance,6,6,8,1,Vulpter
2025-07-08 15:41:07,472,x-wing,empire,2,8,2,2,Tund
2025-07-08 15:41:06,473,resistance_soldier,empire,3,5,9,1,Malastare
2025-07-08 15:41:05,474,tie_fighter,empire,4,2,9,8,Aleen Minor
2025-07-08 15:41:04,475,tie_silencer,resistance,9,5,10,3,Alderaan
2025-07-08 15:41:03,476,at-st,empire,9,5,2,8,Quermia
2025-07-08 15:41:02,477,tie_silencer,empire,8,1,3,7,Quermia
2025-07-08 15:41:01,478,at-at,empire,6,9,3,1,Trandosha
2025-07-08 15:41:00,479,x-wing,empire,10,6,2,3,Stewjon
2025-07-08 15:40:59,480,at-st,empire,7,2,5,5,Vulpter
2025-07-08 15:40:58,481,tie_fighter,resistance,4,3,7,6,Dathomir
2025-07-08 15:40:57,482,at-at,empire,4,7,6,5,Mirial
2025-07-08 15:40:56,483,tie_fighter,resistance,7,10,6,1,Eriadu
2025-07-08 15:40:55,484,stormtrooper,empire,5,8,7,7,Tholoth
2025-07-08 15:40:54,485,tie_silencer,empire,7,6,2,6,Troiken
2025-07-08 15:40:53,486,unknown,resistance,2,5,2,9,Dorin
2025-07-08 15:40:52,487,x-wing,resistance,5,9,5,7,Ojom
2025-07-08 15:40:51,488,stormtrooper,resistance,9,1,2,6,Mon Cala
2025-07-08 15:40:50,489,unknown,empire,4,9,3,2,Tund
2025-07-08 15:40:49,490,at-at,empire,9,4,7,9,Rodia
2025-07-08 15:40:48,491,tie_silencer,empire,6,6,4,3,Toydaria
2025-07-08 15:40:47,492,at-at,resistance,7,3,7,8,Sullust
2025-07-08 15:40:46,493,x-wing,empire,5,3,1,10,Toydaria
2025-07-08 15:40:45,494,tie_silencer,resistance,8,1,8,3,Vulpter
2025-07-08 15:40:44,495,at-at,resistance,5,8,7,1,Kalee
2025-07-08 15:40:43,496,resistance_soldier,empire,3,9,8,9,Corellia
2025-07-08 15:40:42,497,unknown,resistance,6,2,6,7,Champala
2025-07-08 15:40:41,498,stormtrooper,resistance,4,9,6,1,Zolan
2025-07-08 15:40:40,499,unknown,empire,6,3,3,8,Quermia
2025-07-08 15:40:39,500,tie_fighter,resistance,7,5,4,8,Zolan
2025-07-08 15:40:38,501,x-wing,resistance,9,9,2,10,Glee Anselm
2025-07-08 15:40:37,502,tie_silencer,empire,4,3,8,3,Corellia
2025-07-08 15:40:36,503,tie_silencer,resistance,8,5,2,6,Iridonia
2025-07-08 15:40:35,504,at-at,resistance,2,10,7,6,Zolan
2025-07-08 15:40:34,505,tie_silencer,empire,4,2,6,3,Champala
2025-07-08 15:40:33,506,stormtrooper,resistance,1,5,8,2,Ryloth
2025-07-08 15:40:32,507,resistance_soldier,empire,6,1,1,2,Stewjon
2025-07-08 15:40:31,508,tie_silencer,resistance,1,3,1,4,Mon Cala
2025-07-08 15:40:30,509,x-wing,resistance,2,5,5,5,Alderaan
2025-07-08 15:40:29,510,tie_silencer,empire,6,7,10,1,Dagobah
2025-07-08 15:40:28,511,at-st,empire,10,4,5,1,Iridonia
2025-07-08 15:40:27,512,stormtrooper,resistance,2,9,8,2,Skako
2025-07-08 15:40:26,513,at-at,resistance,6,10,4,2,Mon Cala
2025-07-08 15:40:25,514,x-wing,resistance,6,10,3,4,Sullust
2025-07-08 15:40:24,515,at-at,resistance,6,7,3,5,Tatooine
2025-07-08 15:40:23,516,tie_silencer,resistance,8,7,9,10,Dathomir
2025-07-08 15:40:22,517,tie_fighter,empire,4,6,7,2,Kalee
2025-07-08 15:40:21,518,tie_fighter,empire,4,1,6,1,Cerea
2025-07-08 15:40:20,519,at-at,resistance,9,3,10,10,Eriadu
2025-07-08 15:40:19,520,unknown,resistance,9,5,7,4,Kashyyyk
2025-07-08 15:40:18,521,at-at,resistance,9,2,7,10,Malastare
2025-07-08 15:40:17,522,at-at,empire,10,6,2,8,Vulpter
2025-07-08 15:40:16,523,resistance_soldier,resistance,2,6,6,9,Aleen Minor
2025-07-08 15:40:15,524,at-st,resistance,3,7,6,5,Socorro
2025-07-08 15:40:14,525,at-at,empire,4,3,2,1,Quermia
2025-07-08 15:40:13,526,unknown,empire,7,3,8,1,Corellia
2025-07-08 15:40:12,527,resistance_soldier,empire,8,3,8,4,Skako
2025-07-08 15:40:11,528,stormtrooper,resistance,2,5,6,4,Vulpter
2025-07-08 15:40:10,529,tie_fighter,empire,2,10,9,2,Vulpter
2025-07-08 15:40:09,530,at-at,empire,4,10,10,5,Tholoth
2025-07-08 15:40:08,531,resistance_soldier,resistance,5,2,6,1,Mon Cala
2025-07-08 15:40:07,532,stormtrooper,resistance,9,6,4,4,Alderaan
2025-07-08 15:40:06,533,tie_silencer,resistance,6,1,4,3,Troiken
2025-07-08 15:40:05,534,unknown,resistance,9,7,1,9,Champala
2025-07-08 15:40:04,535,resistance_soldier,resistance,9,9,6,5,Mirial
2025-07-08 15:40:03,536,at-at,empire,5,5,9,9,Haruun Kal
2025-07-08 15:40:02,537,x-wing,empire,1,9,3,1,Dorin
2025-07-08 15:40:01,538,x-wing,resistance,6,6,2,1,Rodia
2025-07-08 15:40:00,539,x-wing,resistance,3,7,8,4,Sullust
2025-07-08 15:39:59,540,x-wing,empire,8,8,2,5,Concord Dawn
2025-07-08 15:39:58,541,tie_silencer,empire,8,9,6,8,Shili
2025-07-08 15:39:57,542,tie_silencer,resistance,5,8,6,1,Ryloth
2025-07-08 15:39:56,543,at-st,resistance,6,2,6,2,Trandosha
2025-07-08 15:39:55,544,resistance_soldier,empire,1,1,9,4,Stewjon
2025-07-08 15:39:54,545,unknown,resistance,10,5,5,4,Mirial
2025-07-08 15:39:53,546,at-at,empire,10,4,8,1,Tund
2025-07-08 15:39:52,547,x-wing,empire,2,8,2,9,Iktotch
2025-07-08 15:39:51,548,tie_silencer,empire,9,9,1,4,Troiken
2025-07-08 15:39:50,549,tie_fighter,empire,3,10,3,10,Muunilinst
2025-07-08 15:39:49,550,tie_silencer,resistance,10,9,2,3,Ryloth
2025-07-08 15:39:48,551,resistance_soldier,empire,2,7,3,7,Toydaria
2025-07-08 15:39:47,552,at-at,empire,10,10,6,3,Eriadu
2025-07-08 15:39:46,553,tie_fighter,empire,7,7,9,3,Troiken
2025-07-08 15:39:45,554,at-st,empire,3,5,4,4,Cerea
2025-07-08 15:39:44,555,at-st,resistance,7,9,8,4,Alderaan
2025-07-08 15:39:43,556,at-st,resistance,10,2,5,5,Dorin
2025-07-08 15:39:42,557,stormtrooper,empire,6,1,2,7,Corellia
2025-07-08 15:39:41,558,resistance_soldier,empire,4,1,3,3,Sullust
2025-07-08 15:39:40,559,unknown,resistance,1,4,1,8,Trandosha
2025-07-08 15:39:39,560,tie_silencer,empire,7,7,1,9,Dagobah
2025-07-08 15:39:38,561,unknown,empire,9,6,5,7,Socorro
2025-07-08 15:39:37,562,stormtrooper,resistance,1,2,9,8,Chandrila
2025-07-08 15:39:36,563,stormtrooper,resistance,4,8,8,3,Ryloth
2025-07-08 15:39:35,564,at-st,resistance,3,9,9,5,Dorin
2025-07-08 15:39:34,565,stormtrooper,empire,3,5,4,6,Vulpter
2025-07-08 15:39:33,566,unknown,empire,9,5,2,7,Eriadu
2025-07-08 15:39:32,567,at-at,empire,10,3,4,2,Bestine IV
2025-07-08 15:39:31,568,unknown,empire,5,10,1,9,Serenno
2025-07-08 15:39:30,569,at-at,empire,9,2,6,2,Skako
2025-07-08 15:39:29,570,tie_silencer,empire,7,4,1,4,Tholoth
2025-07-08 15:39:28,571,unknown,empire,7,1,6,1,Dorin
2025-07-08 15:39:27,572,tie_silencer,resistance,1,8,1,6,Cerea
2025-07-08 15:39:26,573,at-at,empire,7,6,9,7,Concord Dawn
2025-07-08 15:39:25,574,stormtrooper,resistance,4,8,9,4,Kashyyyk
2025-07-08 15:39:24,575,at-st,resistance,3,7,7,5,Troiken
2025-07-08 15:39:23,576,at-st,resistance,10,6,9,8,Ojom
2025-07-08 15:39:22,577,x-wing,empire,5,9,9,7,Malastare
2025-07-08 15:39:21,578,unknown,resistance,4,10,1,6,Sullust
2025-07-08 15:39:20,579,tie_fighter,resistance,2,8,9,5,Toydaria
2025-07-08 15:39:19,580,at-st,resistance,8,1,3,8,Ojom
2025-07-08 15:39:18,581,resistance_soldier,resistance,5,4,10,10,Zolan
2025-07-08 15:39:17,582,at-st,empire,8,3,8,4,Eriadu
2025-07-08 15:39:16,583,unknown,resistance,4,5,10,2,Tholoth
2025-07-08 15:39:15,584,tie_silencer,empire,6,2,8,7,Toydaria
2025-07-08 15:39:14,585,at-st,resistance,6,2,10,1,Mon Cala
2025-07-08 15:39:13,586,x-wing,resistance,9,7,7,4,Tholoth
2025-07-08 15:39:12,587,tie_fighter,resistance,9,1,3,5,Kashyyyk
2025-07-08 15:39:11,588,stormtrooper,empire,4,1,10,7,Socorro
2025-07-08 15:39:10,589,at-st,resistance,6,5,1,5,Socorro
2025-07-08 15:39:09,590,unknown,resistance,8,7,8,3,Shili
2025-07-08 15:39:08,591,unknown,resistance,1,6,9,4,Tholoth
2025-07-08 15:39:07,592,tie_silencer,resistance,7,6,5,8,Sullust
2025-07-08 15:39:06,593,tie_fighter,resistance,8,5,5,6,Ryloth
2025-07-08 15:39:05,594,resistance_soldier,resistance,9,5,9,9,Ojom
2025-07-08 15:39:04,595,resistance_soldier,empire,10,8,8,4,Kashyyyk
2025-07-08 15:39:03,596,stormtrooper,resistance,4,7,6,1,Concord Dawn
2025-07-08 15:39:02,597,at-st,resistance,7,5,2,3,Rodia
2025-07-08 15:39:01,598,stormtrooper,resistance,3,5,2,4,Ojom
2025-07-08 15:39:00,599,tie_silencer,resistance,7,7,8,5,Umbara
2025-07-08 15:38:59,600,x-wing,resistance,2,5,7,10,Champala
2025-07-08 15:38:58,601,stormtrooper,resistance,2,7,5,3,Glee Anselm
2025-07-08 15:38:57,602,tie_silencer,empire,8,7,4,1,Mirial
2025-07-08 15:38:56,603,tie_fighter,empire,9,3,8,4,Corellia
2025-07-08 15:38:55,604,stormtrooper,empire,8,7,6,9,Naboo
2025-07-08 15:38:54,605,resistance_soldier,empire,2,5,10,4,Tund
2025-07-08 15:38:53,606,x-wing,resistance,5,1,6,7,Mon Cala
2025-07-08 15:38:52,607,resistance_soldier,empire,4,6,2,6,Skako
2025-07-08 15:38:51,608,resistance_soldier,resistance,4,5,2,9,Dathomir
2025-07-08 15:38:50,609,unknown,empire,2,3,1,4,Tund
2025-07-08 15:38:49,610,resistance_soldier,resistance,2,4,1,2,Champala
2025-07-08 15:38:48,611,unknown,empire,1,4,8,5,Toydaria
2025-07-08 15:38:47,612,at-st,empire,7,4,8,2,Dorin
2025-07-08 15:38:46,613,tie_fighter,resistance,8,6,3,7,Ojom
2025-07-08 15:38:45,614,stormtrooper,resistance,9,6,3,2,Iridonia
2025-07-08 15:38:44,615,resistance_soldier,resistance,5,8,1,9,Kalee
2025-07-08 15:38:43,616,at-at,empire,4,7,2,10,Ryloth
2025-07-08 15:38:42,617,at-at,empire,3,7,10,3,Eriadu
2025-07-08 15:38:41,618,tie_silencer,empire,5,8,2,9,Muunilinst
2025-07-08 15:38:40,619,tie_silencer,empire,4,1,7,5,Mirial
2025-07-08 15:38:39,620,at-st,empire,4,5,3,3,Muunilinst
2025-07-08 15:38:38,621,tie_fighter,resistance,4,1,9,8,Socorro
2025-07-08 15:38:37,622,resistance_soldier,resistance,4,5,1,5,Socorro
2025-07-08 15:38:36,623,stormtrooper,empire,9,9,8,9,Serenno
2025-07-08 15:38:35,624,tie_silencer,resistance,4,2,5,8,Trandosha
2025-07-08 15:38:34,625,at-st,resistance,3,9,8,2,Vulpter
2025-07-08 15:38:33,626,at-at,resistance,6,6,4,1,Haruun Kal
2025-07-08 15:38:32,627,at-at,resistance,7,10,8,8,Concord Dawn
2025-07-08 15:38:31,628,x-wing,empire,7,2,7,10,Naboo
2025-07-08 15:38:30,629,at-st,empire,2,1,5,1,Quermia
2025-07-08 15:38:29,630,unknown,resistance,2,5,6,7,Cerea
2025-07-08 15:38:28,631,at-at,empire,7,2,8,7,Bestine IV
2025-07-08 15:38:27,632,at-at,resistance,7,1,4,8,Shili
2025-07-08 15:38:26,633,tie_silencer,empire,2,6,6,2,Dagobah
2025-07-08 15:38:25,634,x-wing,empire,4,1,8,1,Kalee
2025-07-08 15:38:24,635,stormtrooper,resistance,7,9,1,10,Sullust
2025-07-08 15:38:23,636,tie_silencer,empire,8,4,3,5,Eriadu
2025-07-08 15:38:22,637,at-at,resistance,4,5,1,9,Shili
2025-07-08 15:38:21,638,unknown,resistance,10,10,6,3,Glee Anselm
2025-07-08 15:38:20,639,stormtrooper,resistance,2,1,1,9,Chandrila
2025-07-08 15:38:19,640,tie_fighter,empire,7,2,9,3,Stewjon
2025-07-08 15:38:18,641,at-at,resistance,3,7,1,4,Ryloth
2025-07-08 15:38:17,642,unknown,resistance,9,4,8,10,Troiken
2025-07-08 15:38:16,643,stormtrooper,resistance,4,4,9,5,Ojom
2025-07-08 15:38:15,644,tie_fighter,resistance,3,5,8,5,Shili
2025-07-08 15:38:14,645,unknown,empire,5,3,6,1,Trandosha
2025-07-08 15:38:13,646,at-at,resistance,2,8,4,2,Mirial
2025-07-08 15:38:12,647,resistance_soldier,empire,4,5,3,3,Kalee
2025-07-08 15:38:11,648,at-at,empire,10,9,7,5,Skako
2025-07-08 15:38:10,649,at-st,empire,2,10,2,5,Toydaria
2025-07-08 15:38:09,650,at-st,empire,5,4,6,8,Ryloth
2025-07-08 15:38:08,651,at-at,resistance,9,3,9,4,Troiken
2025-07-08 15:38:07,652,tie_silencer,empire,9,2,8,2,Malastare
2025-07-08 15:38:06,653,tie_fighter,resistance,5,9,4,8,Chandrila
2025-07-08 15:38:05,654,resistance_soldier,resistance,1,7,5,2,Dagobah
2025-07-08 15:38:04,655,stormtrooper,resistance,6,7,4,9,Chandrila
2025-07-08 15:38:03,656,at-at,empire,4,4,7,2,Dagobah
2025-07-08 15:38:02,657,stormtrooper,resistance,2,3,9,6,Socorro
2025-07-08 15:38:01,658,tie_fighter,resistance,10,9,6,5,Kashyyyk
2025-07-08 15:38:00,659,stormtrooper,resistance,3,10,8,1,Rodia
2025-07-08 15:37:59,660,tie_fighter,empire,2,10,3,6,Trandosha
2025-07-08 15:37:58,661,stormtrooper,resistance,9,6,1,7,Glee Anselm
2025-07-08 15:37:57,662,stormtrooper,resistance,2,8,6,2,Iktotch
2025-07-08 15:37:56,663,resistance_soldier,empire,8,7,9,2,Haruun Kal
2025-07-08 15:37:55,664,at-st,empire,7,3,5,2,Trandosha
2025-07-08 15:37:54,665,stormtrooper,empire,7,8,1,5,Ojom
2025-07-08 15:37:53,666,at-at,resistance,5,1,4,8,Sullust
2025-07-08 15:37:52,667,tie_fighter,resistance,3,1,6,10,Alderaan
2025-07-08 15:37:51,668,x-wing,resistance,3,10,1,6,Sullust
2025-07-08 15:37:50,669,unknown,empire,10,4,3,1,Concord Dawn
2025-07-08 15:37:49,670,at-st,empire,8,7,2,7,Iktotch
2025-07-08 15:37:48,671,unknown,empire,2,10,3,2,Iktotch
2025-07-08 15:37:47,672,x-wing,resistance,9,3,2,5,Champala
2025-07-08 15:37:46,673,resistance_soldier,resistance,6,4,2,2,Cerea
2025-07-08 15:37:45,674,at-at,resistance,6,10,7,3,Rodia
2025-07-08 15:37:44,675,unknown,empire,9,3,5,3,Skako
2025-07-08 15:37:43,676,x-wing,empire,7,8,5,1,Serenno
2025-07-08 15:37:42,677,tie_fighter,empire,7,5,6,7,Ryloth
2025-07-08 15:37:41,678,at-st,empire,3,5,3,7,Socorro
2025-07-08 15:37:40,679,tie_silencer,resistance,8,4,1,1,Socorro
2025-07-08 15:37:39,680,stormtrooper,empire,1,7,7,3,Dorin
2025-07-08 15:37:38,681,resistance_soldier,resistance,5,7,3,1,Cerea
2025-07-08 15:37:37,682,x-wing,resistance,6,1,7,5,Dathomir
2025-07-08 15:37:36,683,unknown,empire,10,4,3,7,Corellia
2025-07-08 15:37:35,684,at-at,empire,3,1,10,5,Rodia
2025-07-08 15:37:34,685,tie_silencer,resistance,10,5,9,4,Naboo
2025-07-08 15:37:33,686,at-at,empire,7,6,5,4,Eriadu
2025-07-08 15:37:32,687,tie_silencer,empire,1,1,9,1,Zolan
2025-07-08 15:37:31,688,stormtrooper,empire,9,2,10,6,Skako
2025-07-08 15:37:30,689,tie_fighter,resistance,1,10,4,10,Muunilinst
2025-07-08 15:37:29,690,tie_fighter,resistance,10,10,5,6,Socorro
2025-07-08 15:37:28,691,at-at,resistance,8,5,1,2,Kashyyyk
2025-07-08 15:37:27,692,at-at,resistance,5,1,4,5,Concord Dawn
2025-07-08 15:37:26,693,x-wing,empire,2,3,9,1,Tund
2025-07-08 15:37:25,694,tie_fighter,resistance,10,8,10,1,Champala
2025-07-08 15:37:24,695,unknown,empire,7,6,4,4,Kalee
2025-07-08 15:37:23,696,x-wing,resistance,1,9,3,7,Kashyyyk
2025-07-08 15:37:22,697,tie_fighter,resistance,3,1,2,9,Kashyyyk
2025-07-08 15:37:21,698,at-st,empire,4,4,10,9,Muunilinst
2025-07-08 15:37:20,699,x-wing,resistance,7,10,2,3,Iktotch
2025-07-08 15:37:19,700,tie_fighter,empire,3,7,4,8,Eriadu
2025-07-08 15:37:18,701,at-st,empire,3,9,4,10,Umbara
2025-07-08 15:37:17,702,unknown,empire,10,1,3,10,Concord Dawn
2025-07-08 15:37:16,703,at-at,empire,7,2,9,7,Serenno
2025-07-08 15:37:15,704,tie_fighter,resistance,10,9,9,6,Iridonia
2025-07-08 15:37:14,705,resistance_soldier,resistance,5,2,9,6,Mirial
2025-07-08 15:37:13,706,tie_silencer,resistance,4,3,6,4,Naboo
2025-07-08 15:37:12,707,at-st,resistance,5,2,4,4,Shili
2025-07-08 15:37:11,708,at-st,resistance,1,7,6,3,Mirial
2025-07-08 15:37:10,709,unknown,empire,2,7,9,5,Corellia
2025-07-08 15:37:09,710,tie_silencer,resistance,8,9,1,6,Malastare
2025-07-08 15:37:08,711,x-wing,resistance,10,8,6,3,Dorin
2025-07-08 15:37:07,712,stormtrooper,resistance,7,10,9,10,Mon Cala
2025-07-08 15:37:06,713,at-at,empire,9,3,9,5,Malastare
2025-07-08 15:37:05,714,stormtrooper,empire,8,6,1,3,Eriadu
2025-07-08 15:37:04,715,unknown,resistance,1,4,8,5,Ojom
2025-07-08 15:37:03,716,x-wing,resistance,4,7,3,9,Socorro
2025-07-08 15:37:02,717,x-wing,resistance,4,6,6,2,Socorro
2025-07-08 15:37:01,718,tie_fighter,empire,1,3,8,6,Concord Dawn
2025-07-08 15:37:00,719,tie_silencer,resistance,8,4,3,2,Mon Cala
2025-07-08 15:36:59,720,tie_fighter,empire,4,8,4,10,Naboo
2025-07-08 15:36:58,721,stormtrooper,empire,2,6,1,6,Rodia
2025-07-08 15:36:57,722,at-st,empire,8,4,10,5,Socorro
2025-07-08 15:36:56,723,tie_fighter,empire,2,5,8,1,Skako
2025-07-08 15:36:55,724,at-at,empire,7,7,1,6,Toydaria
2025-07-08 15:36:54,725,stormtrooper,resistance,5,10,6,2,Kashyyyk
2025-07-08 15:36:53,726,stormtrooper,resistance,10,6,4,10,Dagobah
2025-07-08 15:36:52,727,tie_fighter,empire,9,7,5,6,Serenno
2025-07-08 15:36:51,728,x-wing,empire,4,2,3,10,Champala
2025-07-08 15:36:50,729,at-at,empire,9,2,9,8,Glee Anselm
2025-07-08 15:36:49,730,at-at,resistance,2,8,2,9,Ryloth
2025-07-08 15:36:48,731,unknown,resistance,6,10,7,10,Rodia
2025-07-08 15:36:47,732,x-wing,empire,3,6,7,5,Serenno
2025-07-08 15:36:46,733,stormtrooper,empire,9,5,6,3,Tund
2025-07-08 15:36:45,734,x-wing,resistance,8,3,10,4,Chandrila
2025-07-08 15:36:44,735,at-st,resistance,1,5,2,8,Champala
2025-07-08 15:36:43,736,unknown,empire,1,3,7,4,Kalee
2025-07-08 15:36:42,737,unknown,resistance,3,4,4,2,Sullust
2025-07-08 15:36:41,738,at-st,empire,8,6,5,2,Quermia
2025-07-08 15:36:40,739,at-at,resistance,4,2,4,2,Chandrila
2025-07-08 15:36:39,740,at-st,resistance,6,2,3,10,Cerea
2025-07-08 15:36:38,741,tie_fighter,resistance,8,3,10,2,Socorro
2025-07-08 15:36:37,742,stormtrooper,empire,6,2,7,10,Eriadu
2025-07-08 15:36:36,743,at-st,empire,4,7,8,5,Champala
2025-07-08 15:36:35,744,tie_silencer,empire,2,8,2,10,Naboo
2025-07-08 15:36:34,745,unknown,empire,3,3,1,3,Rodia
2025-07-08 15:36:33,746,unknown,empire,2,7,4,9,Iktotch
2025-07-08 15:36:32,747,resistance_soldier,empire,3,4,4,4,Toydaria
2025-07-08 15:36:31,748,tie_silencer,empire,3,9,10,5,Troiken
2025-07-08 15:36:30,749,tie_silencer,resistance,7,10,8,8,Kashyyyk
2025-07-08 15:36:29,750,stormtrooper,resistance,4,7,9,3,Kalee
2025-07-08 15:36:28,751,resistance_soldier,resistance,5,7,4,2,Ojom
2025-07-08 15:36:27,752,tie_silencer,empire,8,2,4,8,Malastare
2025-07-08 15:36:26,753,tie_silencer,empire,1,9,6,3,Stewjon
2025-07-08 15:36:25,754,at-st,resistance,9,7,1,10,Chandrila
2025-07-08 15:36:24,755,unknown,empire,6,10,1,9,Eriadu
2025-07-08 15:36:23,756,x-wing,empire,5,5,4,9,Kalee
2025-07-08 15:36:22,757,tie_fighter,resistance,4,3,8,6,Ryloth
2025-07-08 15:36:21,758,resistance_soldier,resistance,1,10,10,4,Bestine IV
2025-07-08 15:36:20,759,at-st,empire,1,10,6,8,Umbara
2025-07-08 15:36:19,760,unknown,resistance,4,4,9,5,Tund
2025-07-08 15:36:18,761,at-st,resistance,7,7,6,8,Naboo
2025-07-08 15:36:17,762,resistance_soldier,empire,1,3,4,10,Tund
2025-07-08 15:36:16,763,stormtrooper,resistance,6,10,5,5,Skako
2025-07-08 15:36:15,764,x-wing,resistance,10,9,7,6,Tatooine
2025-07-08 15:36:14,765,at-st,resistance,3,3,2,7,Tatooine
2025-07-08 15:36:13,766,at-at,resistance,5,8,8,5,Mon Cala
2025-07-08 15:36:12,767,resistance_soldier,resistance,2,5,2,1,Kalee
2025-07-08 15:36:11,768,unknown,empire,9,6,4,9,Socorro
2025-07-08 15:36:10,769,x-wing,empire,6,7,10,9,Corellia
2025-07-08 15:36:09,770,at-at,resistance,1,9,1,6,Tund
2025-07-08 15:36:08,771,at-st,empire,4,9,2,4,Zolan
2025-07-08 15:36:07,772,at-st,empire,7,10,5,8,Glee Anselm
2025-07-08 15:36:06,773,stormtrooper,resistance,5,7,7,6,Dathomir
2025-07-08 15:36:05,774,at-at,resistance,1,10,3,1,Chandrila
2025-07-08 15:36:04,775,at-st,empire,4,2,6,8,Stewjon
2025-07-08 15:36:03,776,x-wing,empire,5,5,2,6,Kalee
2025-07-08 15:36:02,777,at-st,resistance,5,7,5,10,Cerea
2025-07-08 15:36:01,778,at-st,resistance,7,6,1,7,Quermia
2025-07-08 15:36:00,779,x-wing,empire,5,6,8,1,Stewjon
2025-07-08 15:35:59,780,at-at,resistance,2,5,5,10,Glee Anselm
2025-07-08 15:35:58,781,at-at,empire,6,2,2,3,Vulpter
2025-07-08 15:35:57,782,at-st,empire,1,7,8,1,Naboo
2025-07-08 15:35:56,783,at-at,empire,1,2,1,8,Skako
2025-07-08 15:35:55,784,at-at,resistance,8,4,3,5,Umbara
2025-07-08 15:35:54,785,stormtrooper,resistance,5,7,6,6,Socorro
2025-07-08 15:35:53,786,unknown,resistance,3,1,3,6,Glee Anselm
2025-07-08 15:35:52,787,at-at,resistance,5,3,3,10,Umbara
2025-07-08 15:35:51,788,at-at,resistance,2,7,8,3,Dorin
2025-07-08 15:35:50,789,tie_fighter,resistance,1,9,8,9,Trandosha
2025-07-08 15:35:49,790,unknown,empire,7,4,8,3,Mirial
2025-07-08 15:35:48,791,at-at,resistance,4,4,8,10,Socorro
2025-07-08 15:35:47,792,resistance_soldier,empire,5,1,10,4,Trandosha
2025-07-08 15:35:46,793,tie_silencer,empire,6,4,9,10,Eriadu
2025-07-08 15:35:45,794,at-st,empire,4,9,10,9,Vulpter
2025-07-08 15:35:44,795,unknown,empire,9,8,2,6,Serenno
2025-07-08 15:35:43,796,x-wing,resistance,10,10,10,10,Haruun Kal
2025-07-08 15:35:42,797,x-wing,resistance,9,7,5,3,Alderaan
2025-07-08 15:35:41,798,at-st,resistance,8,10,8,6,Cerea
2025-07-08 15:35:40,799,tie_silencer,empire,10,6,2,10,Quermia
2025-07-08 15:35:39,800,at-at,resistance,4,9,1,6,Umbara
2025-07-08 15:35:38,801,at-st,resistance,4,8,8,7,Bestine IV
2025-07-08 15:35:37,802,at-at,resistance,5,8,1,2,Toydaria
2025-07-08 15:35:36,803,tie_fighter,resistance,2,8,1,9,Ryloth
2025-07-08 15:35:35,804,stormtrooper,empire,1,7,4,4,Zolan
2025-07-08 15:35:34,805,resistance_soldier,resistance,7,8,7,4,Mon Cala
2025-07-08 15:35:33,806,at-st,resistance,1,1,2,7,Cerea
2025-07-08 15:35:32,807,tie_silencer,resistance,7,9,5,5,Troiken
2025-07-08 15:35:31,808,tie_fighter,empire,8,6,10,6,Shili
2025-07-08 15:35:30,809,stormtrooper,empire,2,2,6,2,Ryloth
2025-07-08 15:35:29,810,stormtrooper,empire,6,4,5,5,Tatooine
2025-07-08 15:35:28,811,unknown,resistance,10,9,8,8,Iktotch
2025-07-08 15:35:27,812,resistance_soldier,empire,10,9,2,8,Malastare
2025-07-08 15:35:26,813,stormtrooper,resistance,1,1,6,9,Alderaan
2025-07-08 15:35:25,814,resistance_soldier,resistance,9,2,10,8,Iktotch
2025-07-08 15:35:24,815,stormtrooper,resistance,5,8,2,8,Naboo
2025-07-08 15:35:23,816,at-at,resistance,9,3,5,7,Dorin
2025-07-08 15:35:22,817,unknown,empire,2,3,7,1,Corellia
2025-07-08 15:35:21,818,x-wing,empire,1,2,1,2,Serenno
2025-07-08 15:35:20,819,x-wing,empire,7,6,6,6,Tund
2025-07-08 15:35:19,820,resistance_soldier,resistance,8,1,9,3,Naboo
2025-07-08 15:35:18,821,unknown,empire,8,8,7,8,Muunilinst
2025-07-08 15:35:17,822,at-st,empire,6,5,3,10,Malastare
2025-07-08 15:35:16,823,at-st,empire,3,7,10,6,Iridonia
2025-07-08 15:35:15,824,tie_silencer,resistance,9,4,3,2,Umbara
2025-07-08 15:35:14,825,x-wing,empire,4,7,10,3,Dagobah
2025-07-08 15:35:13,826,at-st,resistance,6,8,6,3,Kalee
2025-07-08 15:35:12,827,stormtrooper,resistance,3,3,4,4,Ojom
2025-07-08 15:35:11,828,at-st,resistance,6,4,4,2,Alderaan
2025-07-08 15:35:10,829,at-st,empire,8,6,1,7,Muunilinst
2025-07-08 15:35:09,830,tie_fighter,resistance,2,7,9,6,Iridonia
2025-07-08 15:35:08,831,x-wing,empire,4,2,8,10,Malastare
2025-07-08 15:35:07,832,unknown,empire,3,7,1,8,Skako
2025-07-08 15:35:06,833,resistance_soldier,resistance,9,2,5,10,Iktotch
2025-07-08 15:35:05,834,resistance_soldier,empire,3,6,5,6,Eriadu
2025-07-08 15:35:04,835,x-wing,resistance,7,8,10,7,Umbara
2025-07-08 15:35:03,836,stormtrooper,resistance,7,2,4,1,Zolan
2025-07-08 15:35:02,837,at-at,empire,1,5,4,3,Dagobah
2025-07-08 15:35:01,838,resistance_soldier,resistance,6,4,7,7,Dorin
2025-07-08 15:35:00,839,at-st,resistance,2,3,2,9,Aleen Minor
2025-07-08 15:34:59,840,tie_silencer,empire,2,6,3,9,Dorin
2025-07-08 15:34:58,841,stormtrooper,empire,7,4,5,9,Tholoth
2025-07-08 15:34:57,842,unknown,empire,9,10,2,6,Dathomir
2025-07-08 15:34:56,843,resistance_soldier,empire,4,5,5,3,Muunilinst
2025-07-08 15:34:55,844,at-st,empire,1,1,6,6,Cerea
2025-07-08 15:34:54,845,tie_fighter,empire,6,9,2,9,Haruun Kal
2025-07-08 15:34:53,846,stormtrooper,empire,1,1,6,5,Tund
2025-07-08 15:34:52,847,stormtrooper,resistance,10,5,7,4,Cerea
2025-07-08 15:34:51,848,at-st,resistance,8,8,9,3,Alderaan
2025-07-08 15:34:50,849,tie_silencer,resistance,5,8,8,7,Kashyyyk
2025-07-08 15:34:49,850,x-wing,empire,7,1,3,1,Tatooine
2025-07-08 15:34:48,851,at-st,empire,3,9,9,3,Muunilinst
2025-07-08 15:34:47,852,x-wing,empire,10,7,10,3,Shili
2025-07-08 15:34:46,853,unknown,empire,7,1,6,1,Eriadu
2025-07-08 15:34:45,854,tie_silencer,empire,9,10,2,1,Mirial
2025-07-08 15:34:44,855,at-st,empire,6,3,9,2,Corellia
2025-07-08 15:34:43,856,stormtrooper,resistance,7,2,9,9,Malastare
2025-07-08 15:34:42,857,stormtrooper,empire,4,8,3,8,Dagobah
2025-07-08 15:34:41,858,at-at,resistance,7,10,1,10,Muunilinst
2025-07-08 15:34:40,859,resistance_soldier,empire,1,3,8,10,Corellia
2025-07-08 15:34:39,860,at-at,empire,8,9,4,7,Dagobah
2025-07-08 15:34:38,861,at-st,resistance,8,7,9,3,Tholoth
2025-07-08 15:34:37,862,at-at,empire,3,2,2,1,Iridonia
2025-07-08 15:34:36,863,tie_fighter,resistance,10,4,6,1,Iridonia
2025-07-08 15:34:35,864,tie_silencer,resistance,3,8,9,2,Champala
2025-07-08 15:34:34,865,unknown,resistance,4,7,4,4,Mon Cala
2025-07-08 15:34:33,866,at-at,empire,3,5,1,6,Cerea
2025-07-08 15:34:32,867,tie_fighter,resistance,6,2,6,1,Socorro
2025-07-08 15:34:31,868,unknown,empire,7,3,3,9,Serenno
2025-07-08 15:34:30,869,tie_fighter,empire,4,9,10,9,Kalee
2025-07-08 15:34:29,870,at-at,empire,6,5,5,6,Aleen Minor
2025-07-08 15:34:28,871,tie_silencer,empire,8,8,1,5,Muunilinst
2025-07-08 15:34:27,872,tie_fighter,empire,9,5,3,3,Zolan
2025-07-08 15:34:26,873,tie_fighter,empire,8,1,7,10,Mon Cala
2025-07-08 15:34:25,874,unknown,resistance,9,3,1,10,Corellia
2025-07-08 15:34:24,875,at-st,empire,3,10,3,5,Socorro
2025-07-08 15:34:23,876,x-wing,empire,1,4,3,3,Ojom
2025-07-08 15:34:22,877,tie_fighter,resistance,2,3,10,2,Bestine IV
2025-07-08 15:34:21,878,at-at,empire,2,9,4,5,Zolan
2025-07-08 15:34:20,879,tie_fighter,empire,10,3,6,4,Serenno
2025-07-08 15:34:19,880,tie_fighter,resistance,4,1,7,7,Sullust
2025-07-08 15:34:18,881,stormtrooper,empire,9,7,10,6,Muunilinst
2025-07-08 15:34:17,882,tie_fighter,resistance,4,5,6,2,Stewjon
2025-07-08 15:34:16,883,tie_fighter,resistance,5,7,5,10,Shili
2025-07-08 15:34:15,884,unknown,empire,2,8,1,10,Shili
2025-07-08 15:34:14,885,at-st,empire,9,9,2,6,Skako
2025-07-08 15:34:13,886,tie_silencer,resistance,7,6,9,1,Tholoth
2025-07-08 15:34:12,887,x-wing,resistance,4,9,1,2,Dathomir
2025-07-08 15:34:11,888,resistance_soldier,empire,1,5,3,2,Bestine IV
2025-07-08 15:34:10,889,at-st,resistance,3,8,7,2,Iridonia
2025-07-08 15:34:09,890,stormtrooper,resistance,1,4,3,6,Bestine IV
2025-07-08 15:34:08,891,resistance_soldier,empire,3,4,8,4,Malastare
2025-07-08 15:34:07,892,stormtrooper,empire,2,8,5,6,Dagobah
2025-07-08 15:34:06,893,x-wing,resistance,5,5,3,1,Dagobah
2025-07-08 15:34:05,894,x-wing,empire,9,10,6,7,Stewjon
2025-07-08 15:34:04,895,unknown,resistance,10,3,6,5,Alderaan
2025-07-08 15:34:03,896,tie_fighter,resistance,4,10,9,6,Tatooine
2025-07-08 15:34:02,897,at-st,empire,7,6,9,10,Eriadu
2025-07-08 15:34:01,898,at-st,resistance,6,5,1,7,Sullust
2025-07-08 15:34:00,899,unknown,empire,7,10,7,2,Skako
2025-07-08 15:33:59,900,resistance_soldier,empire,10,7,9,2,Ojom
2025-07-08 15:33:58,901,tie_fighter,resistance,10,7,7,5,Dathomir
2025-07-08 15:33:57,902,tie_silencer,resistance,10,2,6,10,Kashyyyk
2025-07-08 15:33:56,903,x-wing,empire,9,3,1,1,Iktotch
2025-07-08 15:33:55,904,x-wing,empire,10,4,4,4,Eriadu
2025-07-08 15:33:54,905,tie_fighter,resistance,2,5,6,1,Glee Anselm
2025-07-08 15:33:53,906,tie_fighter,resistance,5,10,6,7,Haruun Kal
2025-07-08 15:33:52,907,stormtrooper,empire,5,10,10,10,Vulpter
2025-07-08 15:33:51,908,resistance_soldier,resistance,1,6,5,9,Umbara
2025-07-08 15:33:50,909,tie_silencer,resistance,4,1,10,6,Mirial
2025-07-08 15:33:49,910,tie_silencer,empire,10,4,9,3,Tund
2025-07-08 15:33:48,911,at-at,resistance,2,9,8,2,Shili
2025-07-08 15:33:47,912,at-at,empire,1,7,3,5,Tund
2025-07-08 15:33:46,913,at-at,empire,5,1,4,2,Cerea
2025-07-08 15:33:45,914,at-at,resistance,1,4,7,6,Zolan
2025-07-08 15:33:44,915,tie_silencer,empire,3,6,3,7,Bestine IV
2025-07-08 15:33:43,916,unknown,empire,8,3,6,7,Socorro
2025-07-08 15:33:42,917,stormtrooper,empire,7,10,1,10,Sullust
2025-07-08 15:33:41,918,x-wing,resistance,5,10,4,1,Vulpter
2025-07-08 15:33:40,919,tie_silencer,empire,7,8,7,7,Toydaria
2025-07-08 15:33:39,920,at-st,resistance,7,2,4,9,Glee Anselm
2025-07-08 15:33:38,921,tie_silencer,resistance,6,3,9,8,Muunilinst
2025-07-08 15:33:37,922,resistance_soldier,resistance,8,3,2,2,Champala
2025-07-08 15:33:36,923,tie_fighter,resistance,2,9,1,7,Tund
2025-07-08 15:33:35,924,tie_fighter,resistance,2,5,2,8,Mon Cala
2025-07-08 15:33:34,925,tie_silencer,empire,8,5,10,1,Umbara
2025-07-08 15:33:33,926,tie_silencer,empire,6,1,1,6,Socorro
2025-07-08 15:33:32,927,unknown,resistance,6,3,10,4,Aleen Minor
2025-07-08 15:33:31,928,at-at,empire,6,2,7,6,Haruun Kal
2025-07-08 15:33:30,929,at-st,empire,10,7,4,4,Tholoth
2025-07-08 15:33:29,930,x-wing,resistance,6,7,3,2,Zolan
2025-07-08 15:33:28,931,unknown,resistance,7,7,3,3,Bestine IV
2025-07-08 15:33:27,932,stormtrooper,empire,4,1,10,6,Corellia
2025-07-08 15:33:26,933,resistance_soldier,empire,10,1,9,5,Tund
2025-07-08 15:33:25,934,tie_silencer,empire,9,7,9,5,Muunilinst
2025-07-08 15:33:24,935,unknown,empire,4,10,2,2,Eriadu
2025-07-08 15:33:23,936,tie_fighter,resistance,3,5,4,2,Haruun Kal
2025-07-08 15:33:22,937,tie_silencer,empire,5,1,8,9,Kalee
2025-07-08 15:33:21,938,stormtrooper,resistance,1,3,1,3,Dorin
2025-07-08 15:33:20,939,tie_silencer,resistance,6,3,2,4,Iridonia
2025-07-08 15:33:19,940,x-wing,empire,5,1,8,6,Toydaria
2025-07-08 15:33:18,941,tie_fighter,empire,10,5,4,10,Bestine IV
2025-07-08 15:33:17,942,tie_fighter,empire,8,6,7,10,Mirial
2025-07-08 15:33:16,943,at-st,empire,3,1,6,10,Dorin
2025-07-08 15:33:15,944,stormtrooper,empire,9,8,8,10,Troiken
2025-07-08 15:33:14,945,tie_fighter,resistance,6,1,4,10,Naboo
2025-07-08 15:33:13,946,tie_silencer,resistance,8,3,1,7,Kalee
2025-07-08 15:33:12,947,x-wing,empire,8,8,9,8,Shili
2025-07-08 15:33:11,948,resistance_soldier,resistance,10,6,10,6,Mon Cala
2025-07-08 15:33:10,949,unknown,empire,8,6,9,6,Shili
2025-07-08 15:33:09,950,resistance_soldier,empire,2,10,10,1,Stewjon
2025-07-08 15:33:08,951,tie_fighter,empire,4,3,7,1,Mirial
2025-07-08 15:33:07,952,tie_fighter,empire,6,3,6,8,Serenno
2025-07-08 15:33:06,953,stormtrooper,empire,4,5,8,8,Skako
2025-07-08 15:33:05,954,tie_silencer,resistance,7,4,3,4,Glee Anselm
2025-07-08 15:33:04,955,x-wing,resistance,10,3,5,1,Kashyyyk
2025-07-08 15:33:03,956,tie_silencer,resistance,1,6,7,5,Shili
2025-07-08 15:33:02,957,x-wing,empire,7,7,7,10,Champala
2025-07-08 15:33:01,958,stormtrooper,resistance,4,8,7,3,Iktotch
2025-07-08 15:33:00,959,unknown,resistance,6,8,6,7,Dathomir
2025-07-08 15:32:59,960,resistance_soldier,resistance,8,9,5,2,Dathomir
2025-07-08 15:32:58,961,stormtrooper,empire,1,9,7,3,Concord Dawn
2025-07-08 15:32:57,962,tie_fighter,resistance,3,10,4,2,Mon Cala
2025-07-08 15:32:56,963,tie_fighter,empire,4,6,6,5,Kashyyyk
2025-07-08 15:32:55,964,tie_silencer,resistance,2,1,7,8,Quermia
2025-07-08 15:32:54,965,tie_fighter,resistance,3,10,2,5,Troiken
2025-07-08 15:32:53,966,at-st,resistance,5,7,5,2,Iridonia
2025-07-08 15:32:52,967,at-at,resistance,10,7,7,3,Kashyyyk
2025-07-08 15:32:51,968,at-at,resistance,3,7,5,6,Sullust
2025-07-08 15:32:50,969,at-at,empire,10,2,10,8,Tholoth
2025-07-08 15:32:49,970,tie_fighter,empire,7,4,4,2,Concord Dawn
2025-07-08 15:32:48,971,at-at,resistance,6,9,3,8,Eriadu
2025-07-08 15:32:47,972,x-wing,resistance,2,1,6,3,Alderaan
2025-07-08 15:32:46,973,unknown,resistance,1,6,8,2,Toydaria
2025-07-08 15:32:45,974,unknown,empire,9,4,3,7,Stewjon
2025-07-08 15:32:44,975,at-st,empire,10,9,4,9,Bestine IV
2025-07-08 15:32:43,976,unknown,resistance,1,2,4,2,Alderaan
2025-07-08 15:32:42,977,stormtrooper,resistance,4,5,3,8,Iktotch
2025-07-08 15:32:41,978,unknown,empire,9,4,9,7,Dagobah
2025-07-08 15:32:40,979,resistance_soldier,empire,6,2,3,3,Serenno
2025-07-08 15:32:39,980,at-st,empire,5,9,2,6,Rodia
2025-07-08 15:32:38,981,tie_fighter,resistance,9,10,4,7,Chandrila
2025-07-08 15:32:37,982,at-at,empire,2,2,2,6,Iktotch
2025-07-08 15:32:36,983,at-st,resistance,8,7,6,4,Umbara
2025-07-08 15:32:35,984,at-at,resistance,2,2,1,1,Troiken
2025-07-08 15:32:34,985,x-wing,empire,3,1,6,6,Socorro
2025-07-08 15:32:33,986,at-st,resistance,2,7,7,9,Dagobah
2025-07-08 15:32:32,987,stormtrooper,empire,2,3,6,6,Corellia
2025-07-08 15:32:31,988,stormtrooper,resistance,9,2,4,4,Dorin
2025-07-08 15:32:30,989,unknown,empire,9,7,10,7,Cerea
2025-07-08 15:32:29,990,resistance_soldier,resistance,3,9,4,5,Rodia
2025-07-08 15:32:28,991,tie_silencer,resistance,8,5,5,10,Kashyyyk
2025-07-08 15:32:27,992,at-at,resistance,7,8,6,7,Glee Anselm
2025-07-08 15:32:26,993,tie_silencer,empire,4,2,2,1,Eriadu
2025-07-08 15:32:25,994,tie_fighter,resistance,3,3,9,9,Kalee
2025-07-08 15:32:24,995,tie_fighter,resistance,8,9,1,2,Kalee
2025-07-08 15:32:23,996,at-st,resistance,2,10,2,7,Iridonia
2025-07-08 15:32:22,997,stormtrooper,resistance,10,10,4,5,Tholoth
2025-07-08 15:32:21,998,at-st,resistance,10,4,3,7,Sullust
2025-07-08 15:32:20,999,stormtrooper,resistance,7,7,2,4,Champala
2025-07-08 15:32:19,1000,at-st,resistance,5,5,7,4,Naboo
